{"cameraMode":{"drawMode":0,"name":"Shaded","section":"Shading Mode"},"sceneLighting":false,"audioPlay":false,"sceneViewState":{"showFog":true,"showMaterialUpdate":false,"showSkybox":true,"showFlares":true,"showImageEffects":true,"showParticleSystems":true},"in2DMode":false,"pivot":{"x":-4.906126022338867,"y":0.7639134526252747,"z":-0.6784859299659729},"rotation":{"x":0.01610833778977394,"y":0.9831551909446716,"z":-0.10810161381959915,"w":0.1464940905570984},"size":11.778295516967774,"orthographic":false}